,API,Lease_Name,Production_type,Production_Status,Drilling_Type,First_Production_Day,Cum_Oil,Cum_Gas,Cum_water,Lat,Long,Lateral Length,Spud_Date,Completion_Date,Well_Number,Upper_Perforation,Lower_Perforation,Reservoir,operator ,Cum_BOE
2,4230132427,THRESHER 55-1-12 UNIT A 16H,OIL,Active,H,4/1/2018,9091.0,13875.0,0.0,31.98139381,-103.710083,9079.295898,2/11/2018,,,0,0,,,11403.50012
3,4230132427,THRESHER 55-1-12 UNIT A 16H,OIL,Active,H,4/1/2018,9091.0,13875.0,0.0,31.98139381,-103.710083,9079.295898,2/11/2018,3/5/2018,16H,0,0,,ANADARKO E&P ONSHORE LLC,11403.50012
4,4230132937,UNIVERSITY 20 PW UNIT 2003H,OIL,Active,H,4/1/2018,833113.0,988451.0,0.0,31.68688774,-103.33529659999999,8038.0,12/18/2017,9/18/2016,2003H,0,0,WOLFCAMP,SHELL WESTERN E&P,997854.8398
5,4230132937,UNIVERSITY 20 PW UNIT 2003H,OIL,Active,H,4/1/2018,833113.0,988451.0,0.0,31.68688774,-103.33529659999999,8038.0,12/18/2017,12/18/2017,2003H,0,0,WOLFCAMP,SHELL WESTERN E&amp;P,997854.8398
6,4230132937,UNIVERSITY 20 PW UNIT 2003H,OIL,Active,H,4/1/2018,833113.0,988451.0,0.0,31.68688774,-103.33529659999999,8038.0,12/18/2017,3/9/2018,2003ST,11812,19508,WOLFCAMP,SHELL WESTERN E&P,997854.8398
7,4230132973,WAR ADMIRAL 28-4 UNIT D 1H 1H,OIL,Active,H,9/1/2018,228666.0,318442.0,0.0,31.84419441,-103.3725891,11127.969729999999,7/12/2018,9/21/2018,1H,12689,22769,WOLFCAMP,ANADARKO E&P ONSHORE LLC,281739.6719
8,4230132973,WAR ADMIRAL 28-4 UNIT D 1H 1H,OIL,Active,H,9/1/2018,228666.0,318442.0,0.0,31.84419441,-103.3725891,11127.969729999999,7/12/2018,,,0,0,,,281739.6719
9,4230132972,GINGER 29 2H,OIL,Active,H,6/1/2018,38844.0,94464.0,420032.0,31.77046585,-103.48295590000001,5399.687011999999,4/19/2018,6/29/2018,2H,0,0,WOLFCAMP,"WPX ENERGY PERMIAN, LLC",54587.999970000004
10,4230132972,GINGER 29 2H,OIL,Active,H,6/1/2018,38844.0,94464.0,420032.0,31.77046585,-103.48295590000001,5399.687011999999,4/19/2018,6/29/2018,2H,12116,16544,WOLFCAMP,"WPX ENERGY PERMIAN, LLC",54587.999970000004
11,4230132972,GINGER 29 2H,OIL,Active,H,6/1/2018,38844.0,94464.0,420032.0,31.77046585,-103.48295590000001,5399.687011999999,4/19/2018,,,0,0,,,54587.999970000004
12,4230133119,ST. LUCIA 76 2833 21H,OIL,Active,H,11/1/2018,194647.0,261047.0,504173.0,31.94273186,-103.5596695,10957.94727,12/5/2017,6/4/2018,21H,0,0,WOLFCAMP,XTO ENERGY INC.,238154.8413
13,4230133119,ST. LUCIA 76 2833 21H,OIL,Active,H,11/1/2018,194647.0,261047.0,504173.0,31.94273186,-103.5596695,10957.94727,12/5/2017,,,0,0,,,238154.8413
14,4230133119,ST. LUCIA 76 2833 21H,OIL,Active,H,11/1/2018,194647.0,261047.0,504173.0,31.94273186,-103.5596695,10957.94727,12/5/2017,11/8/2018,21H,12583,22573,,XTO ENERGY INC.,238154.8413
15,4230133150,ST. LUCIA 76 2833 13H,OIL,Active,H,5/1/2018,57395.25,289474.0,153608.0,31.94212914,-103.56283570000001,10779.98242,3/9/2018,,,0,0,,,105640.9153
16,4230133150,ST. LUCIA 76 2833 13H,OIL,Active,H,5/1/2018,57395.25,289474.0,153608.0,31.94212914,-103.56283570000001,10779.98242,3/9/2018,5/7/2018,13H,0,0,,XTO ENERGY INC.,105640.9153
17,4230133149,NOAH BRUNSON B UNIT 4H,OIL,Active,H,7/1/2018,159909.0,269781.0,362410.0,31.97447777,-103.4637833,9876.291992,12/21/2017,7/20/2018,4H,12973,21656,WOLFCAMP,"EOG RESOURCES, INC.",204872.49800000002
18,4230133149,NOAH BRUNSON B UNIT 4H,OIL,Active,H,7/1/2018,159909.0,269781.0,362410.0,31.97447777,-103.4637833,9876.291992,12/21/2017,,,0,0,,,204872.49800000002
21,4230133146,NOAH BRUNSON A UNIT 4H,OIL,Active,H,7/1/2018,148659.0,258800.0,342508.0,31.97317314,-103.468544,10276.7168,1/5/2018,,,0,0,,,191792.33399999997
22,4230133146,NOAH BRUNSON A UNIT 4H,OIL,Active,H,7/1/2018,148659.0,258800.0,342508.0,31.97317314,-103.468544,10276.7168,1/5/2018,7/22/2018,4H,12938,22669,,"EOG RESOURCES, INC.",191792.33399999997
23,4230133147,NOAH BRUNSON A UNIT 5H,OIL,Active,H,7/1/2018,177990.0,301913.0,402650.0,31.97320366,-103.4684448,10090.79297,1/4/2018,7/22/2018,5H,12908,22551,WOLFCAMP,"EOG RESOURCES, INC.",228308.833
24,4230133147,NOAH BRUNSON A UNIT 5H,OIL,Active,H,7/1/2018,177990.0,301913.0,402650.0,31.97320366,-103.4684448,10090.79297,1/4/2018,,,0,0,,,228308.833
25,4230133148,NOAH BRUNSON B UNIT 3H,OIL,Active,H,7/1/2018,200798.0,328657.0,552399.0,31.97450829,-103.4636765,9674.533203,12/19/2017,,,0,0,,,255574.1611
26,4230133148,NOAH BRUNSON B UNIT 3H,OIL,Active,H,7/1/2018,200798.0,328657.0,552399.0,31.97450829,-103.4636765,9674.533203,12/19/2017,7/20/2018,3H,12977,21980,,"EOG RESOURCES, INC.",255574.1611
27,4230133120,ST. LUCIA 76 2833 12H,OIL,Active,H,12/1/2018,148976.0,194369.0,396975.0,31.94273186,-103.5597687,10964.59863,12/5/2017,,,0,0,,,181370.8359
28,4230133120,ST. LUCIA 76 2833 12H,OIL,Active,H,12/1/2018,148976.0,194369.0,396975.0,31.94273186,-103.5597687,10964.59863,12/5/2017,7/1/2018,12H,0,0,,XTO ENERGY INC.,181370.8359
29,4230133120,ST. LUCIA 76 2833 12H,OIL,Active,H,12/1/2018,148976.0,194369.0,396975.0,31.94273186,-103.5597687,10964.59863,12/5/2017,12/28/2018,12H,12637,22638,,XTO ENERGY INC.,181370.8359
30,4230133145,NOAH BRUNSON A UNIT 3H,OIL,Active,H,7/1/2018,187512.0,336008.0,423948.0,31.97314262,-103.46865840000001,10495.35059,1/7/2018,7/22/2018,3H,12948,22669,WOLFCAMP,"EOG RESOURCES, INC.",243513.332
31,4230133145,NOAH BRUNSON A UNIT 3H,OIL,Active,H,7/1/2018,187512.0,336008.0,423948.0,31.97314262,-103.46865840000001,10495.35059,1/7/2018,,,0,0,,,243513.332
32,4230133118,ST. LUCIA 76 2833 31H,OIL,Active,H,2/1/2019,116429.0,195897.0,1488868.0,31.9426136,-103.55912020000001,10957.95605,12/28/2017,,,0,0,,,149078.5
33,4230133118,ST. LUCIA 76 2833 31H,OIL,Active,H,2/1/2019,116429.0,195897.0,1488868.0,31.9426136,-103.55912020000001,10957.95605,12/28/2017,7/13/2018,31H,0,0,,XTO ENERGY INC.,149078.5
34,4230133118,ST. LUCIA 76 2833 31H,OIL,Active,H,2/1/2019,116429.0,195897.0,1488868.0,31.9426136,-103.55912020000001,10957.95605,12/28/2017,2/1/2019,31H,13069,22370,,XTO ENERGY INC.,149078.5
35,4230133165,GOODNIGHT UNIT 2H,OIL,Active,H,5/1/2018,259996.0,517631.0,658605.0,31.91130066,-103.52062990000002,9954.55957,1/24/2018,5/23/2018,2H,12534,22061,WOLFCAMP,"EOG RESOURCES, INC.",346267.8374
36,4230133165,GOODNIGHT UNIT 2H,OIL,Active,H,5/1/2018,259996.0,517631.0,658605.0,31.91130066,-103.52062990000002,9954.55957,1/24/2018,,,0,0,,,346267.8374
37,4230133168,GOODNIGHT UNIT 5H,OIL,Active,H,6/1/2018,349164.0,660500.7,407932.0,31.91129684,-103.5163956,9961.183594,1/16/2018,,,0,0,,,459247.4512
38,4230133168,GOODNIGHT UNIT 5H,OIL,Active,H,6/1/2018,349164.0,660500.7,407932.0,31.91129684,-103.5163956,9961.183594,1/16/2018,6/26/2018,5H,12295,22124,,"EOG RESOURCES, INC.",459247.4512
41,4230133164,GOODNIGHT UNIT 1H,OIL,Active,H,5/1/2018,198637.0,360667.0,639209.0,31.911182399999998,-103.52027890000001,9957.366211,1/24/2018,,,0,0,,,258748.1677
42,4230133164,GOODNIGHT UNIT 1H,OIL,Active,H,5/1/2018,198637.0,360667.0,639209.0,31.911182399999998,-103.52027890000001,9957.366211,1/24/2018,5/23/2018,1H,12410,22171,,"EOG RESOURCES, INC.",258748.1677
44,4230133353,UNIVERSITY 19 PW UNIT 1903H,OIL,Active,H,5/1/2018,42407.0,99777.0,215904.0,31.67349243,-103.3946152,11368.58105,1/6/2018,5/28/2018,1903H,11891,23007,WOLFCAMP,SHELL WESTERN E&P,59036.49951
45,4230133353,UNIVERSITY 19 PW UNIT 1903H,OIL,Active,H,5/1/2018,42407.0,99777.0,215904.0,31.67349243,-103.3946152,11368.58105,1/6/2018,,,0,0,,,59036.49951
47,4230133356,UNIVERSITY 19 PW UNIT,OIL,Active,H,5/1/2018,181443.0,207889.0,961684.0,31.67354202,-103.3945923,9347.086914,1/10/2018,5/22/2017,,0,0,WOLFCAMP,SHELL WESTERN E&amp;P,216091.1694
48,4230133356,UNIVERSITY 19 PW UNIT,OIL,Active,H,5/1/2018,181443.0,207889.0,961684.0,31.67354202,-103.3945923,9347.086914,1/10/2018,5/31/2018,1904H,11606,20709,WOLFCAMP,SHELL WESTERN E&P,216091.1694
54,4230133442,LUDEMAN I WC 1410H,OIL,Active,H,6/1/2018,144450.469,241759.422,820609.0,31.93166542,-103.4268417,7267.532227,12/30/2017,,,0,0,,,184743.7136
55,4230133442,LUDEMAN I WC 1410H,OIL,Active,H,6/1/2018,144450.469,241759.422,820609.0,31.93166542,-103.4268417,7267.532227,12/30/2017,6/24/2018,1410H,12610,19823,,COG OPERATING LLC,184743.7136
60,4230133431,COTTONWOOD 55-1-14 UNIT 2HR,OIL,Active,H,3/1/2018,183799.0,918513.0,1688473.0,31.95742035,-103.72916409999999,8334.335938,12/1/2017,3/16/2018,2HR,12068,21694,WOLFCAMP,ANADARKO E&P ONSHORE LLC,336884.50200000004
61,4230133431,COTTONWOOD 55-1-14 UNIT 2HR,OIL,Active,H,3/1/2018,183799.0,918513.0,1688473.0,31.95742035,-103.72916409999999,8334.335938,12/1/2017,,,0,0,,,336884.50200000004
62,4230133462,YMC 9 2H,OIL,Active,H,9/1/2018,87376.0,499813.0,411598.0,31.97031975,-103.8684921,5340.688477000001,1/14/2018,9/13/2018,2H,0,0,WOLFCAMP,"WPX ENERGY PERMIAN, LLC",170678.1709
63,4230133462,YMC 9 2H,OIL,Active,H,9/1/2018,87376.0,499813.0,411598.0,31.97031975,-103.8684921,5340.688477000001,1/14/2018,9/13/2018,2H,11298,16014,WOLFCAMP,"WPX ENERGY PERMIAN, LLC",170678.1709
64,4230133462,YMC 9 2H,OIL,Active,H,9/1/2018,87376.0,499813.0,411598.0,31.97031975,-103.8684921,5340.688477000001,1/14/2018,,,0,0,,,170678.1709
75,4230133491,CYCLONE 54-2-15 UNIT 1H,OIL,Active,H,7/1/2018,71381.0,311084.0,801403.0,31.85304451,-103.64061740000001,7529.925293000001,5/12/2018,7/17/2018,1H,11981,19006,WOLFCAMP,ANADARKO E&P ONSHORE LLC,123228.3389
76,4230133491,CYCLONE 54-2-15 UNIT 1H,OIL,Active,H,7/1/2018,71381.0,311084.0,801403.0,31.85304451,-103.64061740000001,7529.925293000001,5/12/2018,,,0,0,,,123228.3389
78,4230133531,MURUS 55-2-30 LOV UNIT SW 1H,OIL,Active,H,6/1/2018,117505.0,444012.0,137861.0,31.81779671,-103.801445,7789.063965,2/11/2018,,,0,0,,,191506.9961
79,4230133531,MURUS 55-2-30 LOV UNIT SW 1H,OIL,Active,H,6/1/2018,117505.0,444012.0,137861.0,31.81779671,-103.801445,7789.063965,2/11/2018,6/11/2018,1H,11135,18566,,SHELL WESTERN E&P,191506.9961
80,4230133605,WHEAT TRUST C27-4 LOV 2H,OIL,Active,H,,,,,31.7403717,-103.4946747,4156.487305,3/28/2018,4/23/2018,2H,0,0,WOLFCAMP,SHELL WESTERN E&P,
81,4230133605,WHEAT TRUST C27-4 LOV 2H,OIL,Active,H,,,,,31.7403717,-103.4946747,4156.487305,3/28/2018,1/19/2019,2H,0,0,,SHELL WESTERN E&P,
82,4230133605,WHEAT TRUST C27-4 LOV 2H,OIL,Active,H,,,,,31.7403717,-103.4946747,4156.487305,3/28/2018,,,0,0,,,
99,4230133631,LINK VJ RANCH 23-11 D,OIL,Active,H,9/1/2018,165527.0,558135.0,0.0,31.83196259,-103.73027040000001,10691.05469,3/2/2018,9/2/2018,4H,11392,21604,WOLFCAMP,"EOG RESOURCES, INC.",258549.4922
100,4230133631,LINK VJ RANCH 23-11 D,OIL,Active,H,9/1/2018,165527.0,558135.0,0.0,31.83196259,-103.73027040000001,10691.05469,3/2/2018,,,0,0,,,258549.4922
106,4230133635,LINK VJ RANCH 14-23 H 8H,OIL,Active,H,6/1/2018,144937.0,659212.0,952750.0,31.85521317,-103.7207031,8536.035156,3/14/2018,,,0,0,,,254805.66600000003
107,4230133635,LINK VJ RANCH 14-23 H 8H,OIL,Active,H,6/1/2018,144937.0,659212.0,952750.0,31.85521317,-103.7207031,8536.035156,3/14/2018,6/22/2018,8H,11550,19193,,"EOG RESOURCES, INC.",254805.66600000003
109,4230133652,STATE 48 10,OIL,Active,V,11/1/2018,42037.0,80146.0,0.0,31.77096748,-103.50104520000001,1419.0,2/3/2018,,,0,0,,,55394.66504
110,4230133652,STATE 48 10,OIL,Active,V,11/1/2018,42037.0,80146.0,0.0,31.77096748,-103.50104520000001,1419.0,2/3/2018,2/19/2018,10,0,0,,"HEADINGTON ENERGY PARTNERS, LLC",55394.66504
112,4230133632,LINK VJ RANCH 14-23 E 5H,OIL,Active,H,9/1/2018,146129.0,501891.0,0.0,31.85494995,-103.7257843,8446.125,3/2/2018,9/4/2018,5H,11385,19027,WOLFCAMP,"EOG RESOURCES, INC.",229777.5
113,4230133632,LINK VJ RANCH 14-23 E 5H,OIL,Active,H,9/1/2018,146129.0,501891.0,0.0,31.85494995,-103.7257843,8446.125,3/2/2018,,,0,0,,,229777.5
116,4230133634,LINK VJ RANCH 14-23 G 7H,OIL,Active,H,9/1/2018,153517.0,514316.0,0.0,31.85521317,-103.7208176,8556.186523,3/11/2018,9/3/2018,7H,11325,19191,WOLFCAMP,"EOG RESOURCES, INC.",239236.3379
117,4230133634,LINK VJ RANCH 14-23 G 7H,OIL,Active,H,9/1/2018,153517.0,514316.0,0.0,31.85521317,-103.7208176,8556.186523,3/11/2018,,,0,0,,,239236.3379
118,4230133630,LINK VJ RANCH 23-11 C,OIL,Active,H,8/1/2018,131732.0,440752.0,0.0,31.83196259,-103.7303848,10684.19141,2/28/2018,8/30/2018,3H,11441,21662,WOLFCAMP,"EOG RESOURCES, INC.",205190.6693
119,4230133630,LINK VJ RANCH 23-11 C,OIL,Active,H,8/1/2018,131732.0,440752.0,0.0,31.83196259,-103.7303848,10684.19141,2/28/2018,,,0,0,,,205190.6693
120,4230133699,SILVERTIP 76-7 UNIT A 5H,OIL,Active,H,10/1/2018,291553.031,656834.0,0.0,31.968517300000002,-103.59536740000001,11467.52246,2/4/2018,10/11/2018,5H,12445,23086,WOLFCAMP,ANADARKO E&P ONSHORE LLC,401025.3672
121,4230133699,SILVERTIP 76-7 UNIT A 5H,OIL,Active,H,10/1/2018,291553.031,656834.0,0.0,31.968517300000002,-103.59536740000001,11467.52246,2/4/2018,,,0,0,,,401025.3672
122,4230133699,SILVERTIP 76-7 UNIT A 5H,OIL,Active,H,10/1/2018,291553.031,656834.0,0.0,31.968517300000002,-103.59536740000001,11467.52246,2/4/2018,4/15/2018,5H,0,0,,ANADARKO E&P ONSHORE LLC,401025.3672
125,4230133708,SASSAFRAS 55-1-24 UNIT 2H,OIL,Active,H,8/1/2018,117014.0,490992.0,714621.0,31.95744896,-103.71659090000001,10985.30664,5/1/2018,8/21/2018,2H,11751,21872,WOLFCAMP,ANADARKO E&P ONSHORE LLC,198845.9961
126,4230133708,SASSAFRAS 55-1-24 UNIT 2H,OIL,Active,H,8/1/2018,117014.0,490992.0,714621.0,31.95744896,-103.71659090000001,10985.30664,5/1/2018,,,0,0,,,198845.9961
127,4230133711,RIPPIN WRANGLER C26-19 5H,OIL,Active,H,3/1/2018,53115.0,77587.0,227113.0,31.83898354,-103.4484253,5670.389647999999,12/22/2017,,,0,0,,,66046.16724
128,4230133711,RIPPIN WRANGLER C26-19 5H,OIL,Active,H,3/1/2018,53115.0,77587.0,227113.0,31.83898354,-103.4484253,5670.389647999999,12/22/2017,3/23/2018,5H,12523,16906,,ANADARKO E&P ONSHORE LLC,66046.16724
139,4230133698,SILVERTIP 76-7 UNIT A 4H,OIL,Active,H,12/1/2018,70035.0,148111.0,274867.0,31.968517300000002,-103.59545899999999,11459.25586,1/1/2018,,,0,0,,,94720.16602
140,4230133698,SILVERTIP 76-7 UNIT A 4H,OIL,Active,H,12/1/2018,70035.0,148111.0,274867.0,31.968517300000002,-103.59545899999999,11459.25586,1/1/2018,2/3/2018,4H,0,0,,ANADARKO E&P ONSHORE LLC,94720.16602
141,4230133698,SILVERTIP 76-7 UNIT A 4H,OIL,Active,H,12/1/2018,70035.0,148111.0,274867.0,31.968517300000002,-103.59545899999999,11459.25586,1/1/2018,12/6/2018,4H,12431,23036,,ANADARKO E&P ONSHORE LLC,94720.16602
146,4230133730,ZUMA 3 B203CN,OIL,Active,H,5/1/2018,98209.0,491768.0,335655.0,31.99947357,-103.95001979999999,4929.478027,2/2/2018,,,0,0,,,180170.33399999997
147,4230133730,ZUMA 3 B203CN,OIL,Active,H,5/1/2018,98209.0,491768.0,335655.0,31.99947357,-103.95001979999999,4929.478027,2/2/2018,5/17/2018,B203CN,8984,13465,,MEWBOURNE OIL COMPANY,180170.33399999997
156,4230133739,STATE-JUDGE 48-3 WS 1H,OIL,Active,H,1/1/2019,27808.0,51903.0,0.0,31.77993011,-103.5119095,10273.74023,5/17/2018,,,0,0,,,36458.501339999995
157,4230133739,STATE-JUDGE 48-3 WS 1H,OIL,Active,H,1/1/2019,27808.0,51903.0,0.0,31.77993011,-103.5119095,10273.74023,5/17/2018,6/19/2018,1H,0,0,,"HEADINGTON ENERGY PARTNERS, LLC",36458.501339999995
161,4230133731,ZUMA 3 W101CN,OIL,Active,H,5/1/2018,194158.0,1677756.0,939255.0,31.99947357,-103.9496918,4923.068848,12/7/2017,,,0,0,,,473783.9883
162,4230133731,ZUMA 3 W101CN,OIL,Active,H,5/1/2018,194158.0,1677756.0,939255.0,31.99947357,-103.9496918,4923.068848,12/7/2017,5/17/2018,W101CN,10443,15025,,MEWBOURNE OIL COMPANY,473783.9883
163,4230133677,WOLF 80-TTT-B33-WF SA 207H,OIL,Active,H,4/1/2018,209435.0,872453.0,0.0,31.68538094,-103.61159520000001,6483.11084,2/5/2018,4/30/2018,207H,10887,17810,WOLFCAMP,MATADOR PRODUCTION COMPANY,354843.8268
164,4230133677,WOLF 80-TTT-B33-WF SA 207H,OIL,Active,H,4/1/2018,209435.0,872453.0,0.0,31.68538094,-103.61159520000001,6483.11084,2/5/2018,,,0,0,,,354843.8268
171,4230133724,BRUNSON F 1323H,OIL,Active,H,6/1/2018,114365.0,175473.0,627741.0,31.93709755,-103.4898834,5794.286133,1/11/2018,5/30/2018,1323H,13029,17999,WOLFCAMP,COG OPERATING LLC,143610.501
172,4230133724,BRUNSON F 1323H,OIL,Active,H,6/1/2018,114365.0,175473.0,627741.0,31.93709755,-103.4898834,5794.286133,1/11/2018,,,0,0,,,143610.501
177,4230133753,POPLAR 55-1-24 UNIT 1H,OIL,Active,H,4/1/2018,16138.0,438036.0,97730.0,31.95739555,-103.7023926,10964.1748,12/21/2017,4/11/2018,1H,0,0,WOLFCAMP,ANADARKO E&P ONSHORE LLC,89143.99918
178,4230133753,POPLAR 55-1-24 UNIT 1H,OIL,Active,H,4/1/2018,16138.0,438036.0,97730.0,31.95739555,-103.7023926,10964.1748,12/21/2017,4/11/2018,1H,11856,21975,,ANADARKO E&P ONSHORE LLC,89143.99918
179,4230133753,POPLAR 55-1-24 UNIT 1H,OIL,Active,H,4/1/2018,16138.0,438036.0,97730.0,31.95739555,-103.7023926,10964.1748,12/21/2017,,,0,0,,,89143.99918
180,4230133748,STATE-JUDGE 48-3 WS V 5H,OIL,Active,H,2/1/2019,2092.0,2432.0,0.0,31.78001022,-103.50535579999999,10292.33984,2/22/2018,,,0,0,,,2497.333252
181,4230133748,STATE-JUDGE 48-3 WS V 5H,OIL,Active,H,2/1/2019,2092.0,2432.0,0.0,31.78001022,-103.50535579999999,10292.33984,2/22/2018,4/18/2018,5H,0,0,,"HEADINGTON ENERGY PARTNERS, LLC",2497.333252
182,4230133790,MUSTANG 28-21 UNIT 2H,OIL,Active,H,6/1/2018,85596.0,109979.0,538079.0,31.81805801,-103.3645782,10924.38281,2/18/2018,,,0,0,,,103925.83300000001
183,4230133790,MUSTANG 28-21 UNIT 2H,OIL,Active,H,6/1/2018,85596.0,109979.0,538079.0,31.81805801,-103.3645782,10924.38281,2/18/2018,6/13/2018,2H,12416,22477,,ANADARKO E&P ONSHORE LLC,103925.83300000001
184,4230133756,Z&T 42 E006,OIL,Active,H,4/1/2018,156631.0,436462.0,531806.0,31.91200066,-103.69098659999999,5076.924805,12/19/2017,,,0,0,,,229374.6699
185,4230133756,Z&T 42 E006,OIL,Active,H,4/1/2018,156631.0,436462.0,531806.0,31.91200066,-103.69098659999999,5076.924805,12/19/2017,4/5/2018,E006,9937,14833,,"Rosehill Operating Company, LLC",229374.6699
201,4230133755,STATE PATHFINDER 7 38H,OIL,Active,H,2/1/2018,58924.0,207555.0,508617.0,31.99954414,-103.6289902,5162.598145,12/27/2017,,,0,0,,,93516.49902
202,4230133755,STATE PATHFINDER 7 38H,OIL,Active,H,2/1/2018,58924.0,207555.0,508617.0,31.99954414,-103.6289902,5162.598145,12/27/2017,2/14/2018,38H,12190,16730,,"EOG RESOURCES, INC.",93516.49902
203,4230133792,Z&T 20 D001,OIL,Active,H,5/1/2018,118071.031,289098.9,817637.0,31.95575333,-103.6771393,5075.600098,1/8/2018,5/31/2018,D001,11373,16229,BONE SPRING,"ROSEHILL OPERATING COMPANY, LLC",166254.1797
204,4230133792,Z&T 20 D001,OIL,Active,H,5/1/2018,118071.031,289098.9,817637.0,31.95575333,-103.6771393,5075.600098,1/8/2018,12/6/2018,D001,0,0,BONE SPRING,"ROSEHILL OPERATING COMPANY, LLC",166254.1797
205,4230133792,Z&T 20 D001,OIL,Active,H,5/1/2018,118071.031,289098.9,817637.0,31.95575333,-103.6771393,5075.600098,1/8/2018,,,0,0,,,166254.1797
213,4230133812,LINDSAY 10-3I 2SR,OIL,OPEN SHUT IN,H,8/1/2018,19223.0,81770.0,0.0,31.999635700000002,-103.7457809,7360.0,12/27/2017,8/12/2018,2SR,0,0,WOLFCAMP,"WPX ENERGY PERMIAN, LLC",32851.33203
214,4230133812,LINDSAY 10-3I 2SR,OIL,OPEN SHUT IN,H,8/1/2018,19223.0,81770.0,0.0,31.999635700000002,-103.7457809,7360.0,12/27/2017,9/28/2018,2SR,12808,18862,WOLFCAMP,"WPX ENERGY PERMIAN, LLC",32851.33203
215,4230133812,LINDSAY 10-3I 2SR,OIL,OPEN SHUT IN,H,8/1/2018,19223.0,81770.0,0.0,31.999635700000002,-103.7457809,7360.0,12/27/2017,8/12/2018,2SR,0,0,WOLFCAMP,"WPX ENERGY PERMIAN, LLC",32851.33203
216,4230133812,LINDSAY 10-3I 2SR,OIL,OPEN SHUT IN,H,8/1/2018,19223.0,81770.0,0.0,31.999635700000002,-103.7457809,7360.0,12/27/2017,,,0,0,,,32851.33203
217,4230133812,LINDSAY 10-3I 2SR,OIL,OPEN SHUT IN,H,8/1/2018,19223.0,81770.0,0.0,31.999635700000002,-103.7457809,7360.0,12/27/2017,3/9/2018,2SR,0,0,,RKI EXPLORATION & PRODUCTION LLC,32851.33203
218,4230133812,LINDSAY 10-3I 2SR,OIL,OPEN SHUT IN,H,8/1/2018,19223.0,81770.0,0.0,31.999635700000002,-103.7457809,7360.0,12/27/2017,8/12/2018,2SR,0,0,,"WPX ENERGY PERMIAN, LLC",32851.33203
221,4230133759,Z&T 42 G009,OIL,Active,H,4/1/2018,156690.0,436433.0,475852.0,31.91200256,-103.6856689,5070.583496,1/25/2018,,,0,0,,,229428.832
222,4230133759,Z&T 42 G009,OIL,Active,H,4/1/2018,156690.0,436433.0,475852.0,31.91200256,-103.6856689,5070.583496,1/25/2018,4/5/2018,G009,10361,14895,,"Rosehill Operating Company, LLC",229428.832
226,4230133794,Z&T 20 C001,OIL,Active,H,6/1/2018,81058.66,298610.3,425048.0,31.95575333,-103.67724609999999,5069.500977000001,1/9/2018,,,0,0,,,130827.0439
227,4230133794,Z&T 20 C001,OIL,Active,H,6/1/2018,81058.66,298610.3,425048.0,31.95575333,-103.67724609999999,5069.500977000001,1/9/2018,6/1/2018,C001,0,0,,"ROSEHILL OPERATING COMPANY, LLC",130827.0439
228,4230133794,Z&T 20 C001,OIL,Active,H,6/1/2018,81058.66,298610.3,425048.0,31.95575333,-103.67724609999999,5069.500977000001,1/9/2018,11/16/2018,C001,12253,16799,,"ROSEHILL OPERATING COMPANY, LLC",130827.0439
235,4230133758,Z&T 42 F005,OIL,Active,H,4/1/2018,156687.0,436446.0,612014.0,31.91200066,-103.6909103,5111.582031,1/4/2018,,,0,0,,,229428.0
236,4230133758,Z&T 42 F005,OIL,Active,H,4/1/2018,156687.0,436446.0,612014.0,31.91200066,-103.6909103,5111.582031,1/4/2018,4/5/2018,F005,10189,14468,,"Rosehill Operating Company, LLC",229428.0
241,4230133814,CBR 9-4B 2H,OIL,Active,H,9/1/2018,152736.0,969410.0,0.0,31.96998787,-103.8684998,10907.68945,1/10/2018,1/13/2019,2H,0,0,WOLFCAMP,"WPX ENERGY PERMIAN, LLC",314304.3281
242,4230133814,CBR 9-4B 2H,OIL,Active,H,9/1/2018,152736.0,969410.0,0.0,31.96998787,-103.8684998,10907.68945,1/10/2018,,,0,0,,,314304.3281
243,4230133814,CBR 9-4B 2H,OIL,Active,H,9/1/2018,152736.0,969410.0,0.0,31.96998787,-103.8684998,10907.68945,1/10/2018,9/12/2018,2H,0,0,,"WPX ENERGY PERMIAN, LLC",314304.3281
244,4230133814,CBR 9-4B 2H,OIL,Active,H,9/1/2018,152736.0,969410.0,0.0,31.96998787,-103.8684998,10907.68945,1/10/2018,9/12/2018,2H,11426,21473,,"WPX ENERGY PERMIAN, LLC",314304.3281
246,4230133793,Z&T 20 B002,OIL,Active,H,6/1/2018,88418.88,295282.3,216910.0,31.95575333,-103.67736049999999,5107.068848,1/8/2018,12/4/2018,B002,11603,16459,WOLFCAMP,"ROSEHILL OPERATING COMPANY, LLC",137632.6006
247,4230133793,Z&T 20 B002,OIL,Active,H,6/1/2018,88418.88,295282.3,216910.0,31.95575333,-103.67736049999999,5107.068848,1/8/2018,,,0,0,,,137632.6006
248,4230133793,Z&T 20 B002,OIL,Active,H,6/1/2018,88418.88,295282.3,216910.0,31.95575333,-103.67736049999999,5107.068848,1/8/2018,6/5/2018,B002,0,0,,"ROSEHILL OPERATING COMPANY, LLC",137632.6006
249,4230133813,KENTZEL STATE 42 W101CN,OIL,Active,H,8/1/2018,126928.0,540634.0,661135.0,31.91204643,-103.79856109999999,4922.233886999999,3/27/2018,8/10/2018,W101CN,11238,15785,WOLFCAMP,MEWBOURNE OIL COMPANY,217033.6641
250,4230133813,KENTZEL STATE 42 W101CN,OIL,Active,H,8/1/2018,126928.0,540634.0,661135.0,31.91204643,-103.79856109999999,4922.233886999999,3/27/2018,,,0,0,,,217033.6641
261,4230133791,MUSTANG 28-21 UNIT 3H,OIL,Active,H,9/1/2018,84602.0,94471.0,657377.0,31.81803322,-103.3646698,10924.70605,3/2/2018,9/13/2018,3H,12814,22907,WOLFCAMP,ANADARKO E&P ONSHORE LLC,100347.1655
262,4230133791,MUSTANG 28-21 UNIT 3H,OIL,Active,H,9/1/2018,84602.0,94471.0,657377.0,31.81803322,-103.3646698,10924.70605,3/2/2018,5/30/2018,,0,0,,Anadarko Petroleum Corporation,100347.1655
265,4230133810,EBONY 55-1-40 UNIT 3H,OIL,Active,H,5/1/2018,60001.0,253523.0,270247.0,31.91368484,-103.7671127,8317.161133,3/8/2018,,,0,0,,,102254.8359
266,4230133810,EBONY 55-1-40 UNIT 3H,OIL,Active,H,5/1/2018,60001.0,253523.0,270247.0,31.91368484,-103.7671127,8317.161133,3/8/2018,5/6/2018,3H,11387,18803,,ANADARKO E&P ONSHORE LLC,102254.8359
273,4230133815,CBR 9-4A 1H,OIL,Active,H,9/1/2018,185966.0,1139091.0,0.0,31.97005653,-103.8684921,10844.78809,1/12/2018,9/15/2018,1H,0,0,WOLFCAMP,"WPX ENERGY PERMIAN, LLC",375814.4922
274,4230133815,CBR 9-4A 1H,OIL,Active,H,9/1/2018,185966.0,1139091.0,0.0,31.97005653,-103.8684921,10844.78809,1/12/2018,1/8/2019,1H,0,0,WOLFCAMP,"WPX ENERGY PERMIAN, LLC",375814.4922
275,4230133815,CBR 9-4A 1H,OIL,Active,H,9/1/2018,185966.0,1139091.0,0.0,31.97005653,-103.8684921,10844.78809,1/12/2018,9/15/2018,1H,11036,21160,WOLFCAMP,"WPX ENERGY PERMIAN, LLC",375814.4922
276,4230133815,CBR 9-4A 1H,OIL,Active,H,9/1/2018,185966.0,1139091.0,0.0,31.97005653,-103.8684921,10844.78809,1/12/2018,,,0,0,,,375814.4922
279,4230133764,WOLF 80-TTT-B33-WF SA 208H,OIL,Active,H,11/1/2018,75520.0,742724.0,0.0,31.68533516,-103.61151890000001,7403.73877,7/15/2018,11/3/2018,,0,0,,Matador Production Company,199307.3281
280,4230133606,CBR 9-4M 13H,OIL,Active,H,9/1/2018,171539.0,850433.0,0.0,31.97019577,-103.8684921,10780.64746,1/6/2018,,,0,0,,,313277.834
281,4230133606,CBR 9-4M 13H,OIL,Active,H,9/1/2018,171539.0,850433.0,0.0,31.97019577,-103.8684921,10780.64746,1/6/2018,9/18/2018,13H,0,0,,"WPX ENERGY PERMIAN, LLC",313277.834
282,4230133606,CBR 9-4M 13H,OIL,Active,H,9/1/2018,171539.0,850433.0,0.0,31.97019577,-103.8684921,10780.64746,1/6/2018,9/19/2018,13H,10346,20204,,"WPX ENERGY PERMIAN, LLC",313277.834
283,4230133606,CBR 9-4M 13H,OIL,Active,H,9/1/2018,171539.0,850433.0,0.0,31.97019577,-103.8684921,10780.64746,1/6/2018,1/12/2019,13H,0,0,,"WPX ENERGY PERMIAN, LLC",313277.834
284,4230133485,CHECKERS 14 1H,OIL,Active,H,4/1/2018,198291.0,406663.0,1110936.0,31.80067253,-103.4282455,4842.0,2/3/2018,,,0,0,,,266068.159
285,4230133485,CHECKERS 14 1H,OIL,Active,H,4/1/2018,198291.0,406663.0,1110936.0,31.80067253,-103.4282455,4842.0,2/3/2018,2/25/2018,1H,0,0,,RKI EXPLORATION & PRODUCTION LLC,266068.159
286,4230133485,CHECKERS 14 1H,OIL,Active,H,4/1/2018,198291.0,406663.0,1110936.0,31.80067253,-103.4282455,4842.0,2/3/2018,4/9/2018,1H,11949,16407,,RKI Exploration & Production,266068.159
287,4230133151,ST. LUCIA 76 2833 2H,,Active,H,12/1/2018,206621.0,266594.0,622428.0,31.94213104,-103.5625458,10780.20215,12/19/2017,7/8/2018,2H,0,0,WOLFCAMP,XTO ENERGY INC.,251053.3359
288,4230133151,ST. LUCIA 76 2833 2H,,Active,H,12/1/2018,206621.0,266594.0,622428.0,31.94213104,-103.5625458,10780.20215,12/19/2017,12/1/2018,2H,0,0,WOLFCAMP,XTO ENERGY INC.,251053.3359
289,4230133151,ST. LUCIA 76 2833 2H,,Active,H,12/1/2018,206621.0,266594.0,622428.0,31.94213104,-103.5625458,10780.20215,12/19/2017,,,0,0,,,251053.3359
290,4230133817,LARSON 04-TTT-B02 202H,OIL,Active,H,5/1/2018,108244.0,459801.0,834471.0,31.75085258,-103.6046219,7536.233887,1/26/2018,,,0,0,,,184877.4961
291,4230133817,LARSON 04-TTT-B02 202H,OIL,Active,H,5/1/2018,108244.0,459801.0,834471.0,31.75085258,-103.6046219,7536.233887,1/26/2018,5/30/2018,202H,11170,18415,,MATADOR PRODUCTION COMPANY,184877.4961
292,4230133830,AGGIE UNIT 75-67-66 601H,OIL,Active,H,7/1/2018,122201.0,668841.0,743742.0,31.66691017,-103.57930759999999,10144.7666,3/1/2018,7/31/2018,601H,11040,20642,WOLFCAMP,ENERGEN RESOURCES CORPORATION,233674.4987
293,4230133830,AGGIE UNIT 75-67-66 601H,OIL,Active,H,7/1/2018,122201.0,668841.0,743742.0,31.66691017,-103.57930759999999,10144.7666,3/1/2018,,,0,0,,,233674.4987
294,4230133850,QUANAH PARKER A UNIT 8H,OIL,Active,H,5/1/2018,175495.0,270119.0,246376.0,31.96389008,-103.44673159999999,10277.53906,2/13/2018,5/25/2018,8H,12907,22790,WOLFCAMP,"EOG RESOURCES, INC.",220514.835
295,4230133850,QUANAH PARKER A UNIT 8H,OIL,Active,H,5/1/2018,175495.0,270119.0,246376.0,31.96389008,-103.44673159999999,10277.53906,2/13/2018,,,0,0,,,220514.835
296,4230133853,QUANAH PARKER A UNIT 11H,OIL,Active,H,5/1/2018,234910.0,340383.1,1144185.0,31.96304512,-103.450058,10256.68555,2/11/2018,5/31/2018,11H,12702,22681,WOLFCAMP,"EOG RESOURCES, INC.",291640.51399999997
297,4230133853,QUANAH PARKER A UNIT 11H,OIL,Active,H,5/1/2018,234910.0,340383.1,1144185.0,31.96304512,-103.450058,10256.68555,2/11/2018,,,0,0,,,291640.51399999997
298,4230133841,CBR 9-4C 3H,OIL,Active,H,9/1/2018,259211.0,1620206.0,1206816.0,31.97019768,-103.86109920000001,10794.9043,2/9/2018,9/15/2018,3H,0,0,WOLFCAMP,"WPX ENERGY PERMIAN, LLC",529245.3359
299,4230133841,CBR 9-4C 3H,OIL,Active,H,9/1/2018,259211.0,1620206.0,1206816.0,31.97019768,-103.86109920000001,10794.9043,2/9/2018,9/15/2018,3H,11101,21221,WOLFCAMP,"WPX ENERGY PERMIAN, LLC",529245.3359
300,4230133841,CBR 9-4C 3H,OIL,Active,H,9/1/2018,259211.0,1620206.0,1206816.0,31.97019768,-103.86109920000001,10794.9043,2/9/2018,,,0,0,,,529245.3359
301,4230133847,LIZZY 26 1H,OIL,Active,H,6/1/2018,105930.0,131095.0,639637.0,31.79608154,-103.3335953,4873.246582,2/5/2018,,,0,0,,,127779.1665
302,4230133847,LIZZY 26 1H,OIL,Active,H,6/1/2018,105930.0,131095.0,639637.0,31.79608154,-103.3335953,4873.246582,2/5/2018,6/1/2018,1H,0,0,,,127779.1665
303,4230133847,LIZZY 26 1H,OIL,Active,H,6/1/2018,105930.0,131095.0,639637.0,31.79608154,-103.3335953,4873.246582,2/5/2018,6/1/2018,1H,12249,16779,,WPX Energy,127779.1665
304,4230133827,YELLOWJACKET UL UNIT 19-3 13H,OIL,Active,H,7/1/2018,44032.0,63738.0,303908.0,31.73910332,-103.42687990000002,7521.925293000001,3/17/2018,7/23/2018,13H,12168,19096,WOLFCAMP,ANADARKO E&P ONSHORE LLC,54655.000120000004
305,4230133827,YELLOWJACKET UL UNIT 19-3 13H,OIL,Active,H,7/1/2018,44032.0,63738.0,303908.0,31.73910332,-103.42687990000002,7521.925293000001,3/17/2018,,,0,0,,,54655.000120000004
306,4230133828,CORSAIR C26-20 4H,OIL,Active,H,7/1/2018,24843.0,44335.0,143667.0,31.83579254,-103.4685364,4855.73584,3/3/2018,7/9/2018,4H,12250,16752,WOLFCAMP,ANADARKO E&P ONSHORE LLC,32232.16724
307,4230133828,CORSAIR C26-20 4H,OIL,Active,H,7/1/2018,24843.0,44335.0,143667.0,31.83579254,-103.4685364,4855.73584,3/3/2018,,,0,0,,,32232.16724
308,4230133829,KENTZEL STATE 42 W102CN,,Active,H,8/1/2018,144278.0,610630.0,547794.0,31.91204643,-103.7984009,4924.187988000001,3/3/2018,8/10/2018,W102CN,11346,15970,WOLFCAMP,MEWBOURNE OIL COMPANY,246049.6699
309,4230133829,KENTZEL STATE 42 W102CN,,Active,H,8/1/2018,144278.0,610630.0,547794.0,31.91204643,-103.7984009,4924.187988000001,3/3/2018,,,0,0,,,246049.6699
310,4230133834,RUDD DRAW 29-3 12H,OIL,Approved Permit,H,,,,,31.82081413,-103.4605713,5356.525390999999,2/22/2019,,,0,0,,,
311,4230133843,CBR 9-4E 5H,OIL,Active,H,9/1/2018,154024.0,961639.0,0.0,31.97006035,-103.86109920000001,10823.2334,2/14/2018,9/26/2018,5H,11087,21191,WOLFCAMP,"WPX ENERGY PERMIAN, LLC",314297.1636
312,4230133843,CBR 9-4E 5H,OIL,Active,H,9/1/2018,154024.0,961639.0,0.0,31.97006035,-103.86109920000001,10823.2334,2/14/2018,1/10/2019,5H,0,0,WOLFCAMP,"WPX ENERGY PERMIAN, LLC",314297.1636
313,4230133843,CBR 9-4E 5H,OIL,Active,H,9/1/2018,154024.0,961639.0,0.0,31.97006035,-103.86109920000001,10823.2334,2/14/2018,9/26/2018,5H,0,0,WOLFCAMP,"WPX ENERGY PERMIAN, LLC",314297.1636
314,4230133843,CBR 9-4E 5H,OIL,Active,H,9/1/2018,154024.0,961639.0,0.0,31.97006035,-103.86109920000001,10823.2334,2/14/2018,,,0,0,,,314297.1636
315,4230133852,QUANAH PARKER A UNIT 10H,OIL,Active,H,5/1/2018,141429.625,215267.0,590045.0,31.96295738,-103.4500275,10287.45117,2/10/2018,5/31/2018,10H,12849,22828,WOLFCAMP,"EOG RESOURCES, INC.",177307.4681
316,4230133852,QUANAH PARKER A UNIT 10H,OIL,Active,H,5/1/2018,141429.625,215267.0,590045.0,31.96295738,-103.4500275,10287.45117,2/10/2018,,,0,0,,,177307.4681
317,4230133152,ST. LUCIA 76 2833 32H,,OPEN SHUT IN,H,11/1/2018,194710.0,243818.0,786236.0,31.94213104,-103.5626373,10782.51855,12/19/2017,8/19/2018,32H,0,0,WOLFCAMP,XTO ENERGY INC.,235346.3408
318,4230133152,ST. LUCIA 76 2833 32H,,OPEN SHUT IN,H,11/1/2018,194710.0,243818.0,786236.0,31.94213104,-103.5626373,10782.51855,12/19/2017,,,0,0,,,235346.3408
319,4230133826,YELLOWJACKET UL UNIT 19-3 12H,OIL,Active,H,7/1/2018,95540.0,144444.0,649281.0,31.73907471,-103.4269714,7503.224120999999,3/26/2018,7/30/2018,12H,11956,18240,BONE SPRING,ANADARKO E&P ONSHORE LLC,119614.00099999999
320,4230133826,YELLOWJACKET UL UNIT 19-3 12H,OIL,Active,H,7/1/2018,95540.0,144444.0,649281.0,31.73907471,-103.4269714,7503.224120999999,3/26/2018,,,0,0,,,119614.00099999999
322,4230133824,BOYD 11 1WB,,OPEN SHUT IN,H,3/1/2018,965.0,5335.0,0.0,31.94596481,-103.3394012,5397.892578,3/9/2018,,,0,0,,,1854.1666579999999
323,4230133842,CBR 9-4D 4H,OIL,Active,H,9/1/2018,147140.0,1002495.0,551993.0,31.97012901,-103.86109920000001,10799.50488,2/12/2018,,,0,0,,,314222.4941
324,4230133842,CBR 9-4D 4H,OIL,Active,H,9/1/2018,147140.0,1002495.0,551993.0,31.97012901,-103.86109920000001,10799.50488,2/12/2018,9/18/2018,4H,11276,21409,,"WPX ENERGY PERMIAN, LLC",314222.4941
325,4230133842,CBR 9-4D 4H,OIL,Active,H,9/1/2018,147140.0,1002495.0,551993.0,31.97012901,-103.86109920000001,10799.50488,2/12/2018,9/18/2018,4H,0,0,,"WPX ENERGY PERMIAN, LLC",314222.4941
326,4230133823,BOYD 11 1WX,,OPEN SHUT IN,H,3/1/2018,448.0,2931.0,0.0,31.94598198,-103.3393402,5397.794922,3/9/2018,3/11/2018,1WX,0,0,WOLFCAMP,OASIS PETROLEUM PERMIAN LLC,936.49999
327,4230133823,BOYD 11 1WX,,OPEN SHUT IN,H,3/1/2018,448.0,2931.0,0.0,31.94598198,-103.3393402,5397.794922,3/9/2018,,,0,0,,,936.49999
330,4230133832,GOODNIGHT UNIT 6H,,Approved Permit,H,,,,,31.911182399999998,-103.52005770000001,9963.213867,1/22/2018,,,0,0,,,
331,4230133821,CROCKETT REESE STATE UNIT B 2406H,,Active,H,11/1/2018,93956.0,127112.0,301413.0,31.94340515,-103.45834350000001,7369.855469,4/19/2018,,,0,0,,,115141.335
332,4230133821,CROCKETT REESE STATE UNIT B 2406H,,Active,H,11/1/2018,93956.0,127112.0,301413.0,31.94340515,-103.45834350000001,7369.855469,4/19/2018,11/2/2018,2406H,13039,19900,,COG OPERATING LLC,115141.335
333,4230133825,UNIVERSITY 19-7 A 1H,OIL,Active,H,6/1/2018,90426.0,258487.0,593186.0,31.70214081,-103.4552307,8070.742676000001,2/24/2018,6/9/2018,1H,11969,18794,WOLFCAMP,ANADARKO E&P ONSHORE LLC,133507.166
334,4230133825,UNIVERSITY 19-7 A 1H,OIL,Active,H,6/1/2018,90426.0,258487.0,593186.0,31.70214081,-103.4552307,8070.742676000001,2/24/2018,,,0,0,,,133507.166
335,4230133154,ST. LUCIA 76 2833 1H,OIL,Active,H,1/1/2019,169850.0,263442.0,423945.0,31.9426136,-103.55901340000001,10958.82031,1/22/2018,,,0,0,,,213756.9961
336,4230133154,ST. LUCIA 76 2833 1H,OIL,Active,H,1/1/2019,169850.0,263442.0,423945.0,31.9426136,-103.55901340000001,10958.82031,1/22/2018,5/7/2018,1H,0,0,,XTO ENERGY INC.,213756.9961
337,4230133154,ST. LUCIA 76 2833 1H,OIL,Active,H,1/1/2019,169850.0,263442.0,423945.0,31.9426136,-103.55901340000001,10958.82031,1/22/2018,1/7/2019,1H,12493,20483,,XTO ENERGY INC.,213756.9961
341,4230133851,QUANAH PARKER A UNIT 9H,OIL,Active,H,5/1/2018,222483.0,324542.0,928193.0,31.96386147,-103.4468307,10286.40039,2/14/2018,5/25/2018,9H,12744,22627,WOLFCAMP,"EOG RESOURCES, INC.",276573.3286
342,4230133851,QUANAH PARKER A UNIT 9H,OIL,Active,H,5/1/2018,222483.0,324542.0,928193.0,31.96386147,-103.4468307,10286.40039,2/14/2018,,,0,0,,,276573.3286
343,4230133854,GOODNIGHT UNIT 6HR,,Approved Permit,H,,,,,31.911182399999998,-103.5200043,9962.483398,1/28/2018,,,0,0,,,
346,4230133754,SILVERTIP UNIT Z 2H,OIL,Active,H,4/1/2018,164098.0,295687.0,1552877.0,31.96869278,-103.49389649999999,11418.93359,1/13/2018,,,0,0,,,213379.1672
347,4230133754,SILVERTIP UNIT Z 2H,OIL,Active,H,4/1/2018,164098.0,295687.0,1552877.0,31.96869278,-103.49389649999999,11418.93359,1/13/2018,4/5/2018,2H,12886,23181,,ANADARKO E&P ONSHORE LLC,213379.1672
348,4230133751,TOTUM 18-TTT-C24 NL 212H,OIL,Active,H,3/1/2018,181855.0,325899.0,566791.0,31.95195007,-103.37213129999999,4908.183105,12/31/2017,,,0,0,,,236171.49899999998
349,4230133751,TOTUM 18-TTT-C24 NL 212H,OIL,Active,H,3/1/2018,181855.0,325899.0,566791.0,31.95195007,-103.37213129999999,4908.183105,12/31/2017,3/9/2018,212H,12688,17257,,MATADOR PRODUCTION COMPANY,236171.49899999998
350,4230133886,RUSTLER D UNIT 2H,OIL,Active,H,8/1/2018,107144.0,204285.0,0.0,31.93996048,-103.5116501,9828.658203,5/14/2018,8/25/2018,2H,12589,17043,WOLFCAMP,"EOG RESOURCES, INC.",141191.5
351,4230133886,RUSTLER D UNIT 2H,OIL,Active,H,8/1/2018,107144.0,204285.0,0.0,31.93996048,-103.5116501,9828.658203,5/14/2018,,,0,0,,,141191.5
352,4230133876,DACO NEWTEX 1,,Active,V,,,,,31.9974575,-103.4976959,350.0,8/4/2018,11/11/2018,1,5355,7650,BONE SPRING,"HILLSTONE DACO PERMIAN, LLC",
353,4230133876,DACO NEWTEX 1,,Active,V,,,,,31.9974575,-103.4976959,350.0,8/4/2018,,,0,0,,,
360,4230133846,ASPEN 55-1-30 UNIT 2H,OIL,Active,H,7/1/2018,87754.0,442100.0,383570.0,31.93555641,-103.80235290000002,8356.06543,4/21/2018,,,0,0,,,161437.3301
361,4230133846,ASPEN 55-1-30 UNIT 2H,OIL,Active,H,7/1/2018,87754.0,442100.0,383570.0,31.93555641,-103.80235290000002,8356.06543,4/21/2018,7/20/2018,2H,11388,18873,,ANADARKO E&P ONSHORE LLC,161437.3301
362,4230133880,WEBER 26 E001,OIL,Active,H,8/1/2018,217142.0,279912.562,1323746.0,31.83156395,-103.4821625,5045.124022999999,3/5/2018,,,0,0,,,263794.0957
363,4230133880,WEBER 26 E001,OIL,Active,H,8/1/2018,217142.0,279912.562,1323746.0,31.83156395,-103.4821625,5045.124022999999,3/5/2018,8/21/2018,E001,12410,16771,,"ROSEHILL OPERATING COMPANY, LLC",263794.0957
364,4230133880,WEBER 26 E001,OIL,Active,H,8/1/2018,217142.0,279912.562,1323746.0,31.83156395,-103.4821625,5045.124022999999,3/5/2018,3/19/2019,E001,0,0,,"ROSEHILL OPERATING COMPANY, LLC",263794.0957
368,4230133873,JUDGE 3WN 1H,,Approved Permit,H,,,,,31.75225067,-103.51608279999999,5002.630371,11/16/2018,,,0,0,,,
369,4230133883,WEBER 26 F002,OIL,Active,H,8/1/2018,228704.0,287490.0,772924.0,31.83162689,-103.48193359999999,5225.64209,5/13/2018,8/21/2018,F002,12183,16544,WOLFCAMP,"ROSEHILL OPERATING COMPANY, LLC",276618.998
370,4230133883,WEBER 26 F002,OIL,Active,H,8/1/2018,228704.0,287490.0,772924.0,31.83162689,-103.48193359999999,5225.64209,5/13/2018,,,0,0,,,276618.998
371,4230133883,WEBER 26 F002,OIL,Active,H,8/1/2018,228704.0,287490.0,772924.0,31.83162689,-103.48193359999999,5225.64209,5/13/2018,3/18/2019,F002,0,0,,"ROSEHILL OPERATING COMPANY, LLC",276618.998
372,4230133879,CHOLLA 15 SW 2,,Active,V,,,,,31.95884323,-103.543251,,6/21/2018,8/15/2018,2,5073,7260,M,"HILLSTONE DACO PERMIAN, LLC",
373,4230133879,CHOLLA 15 SW 2,,Active,V,,,,,31.95884323,-103.543251,,6/21/2018,,,0,0,,,
377,4230133811,BISMARCK 75-12 LOV 1H,,Active,H,,,,,31.89458275,-103.4099884,4582.45752,4/19/2018,8/18/2018,1H,12762,17663,WOLFCAMP,SHELL WESTERN E&P,
378,4230133811,BISMARCK 75-12 LOV 1H,,Active,H,,,,,31.89458275,-103.4099884,4582.45752,4/19/2018,,,0,0,,,
379,4230133878,CHOLLA 15 E 1,,Active,V,,,,,31.95883751,-103.53479,,6/2/2018,10/11/2018,1,5176,7300,M,"HILLSTONE DACO PERMIAN, LLC",
380,4230133878,CHOLLA 15 E 1,,Active,V,,,,,31.95883751,-103.53479,,6/2/2018,,,0,0,,,
389,4230133882,WEBER 26 F001,OIL,Active,H,8/1/2018,261665.0,322321.0,908234.0,31.83160591,-103.48200990000001,5130.824219,4/25/2018,,,0,0,,,315385.1655
390,4230133882,WEBER 26 F001,OIL,Active,H,8/1/2018,261665.0,322321.0,908234.0,31.83160591,-103.48200990000001,5130.824219,4/25/2018,8/21/2018,F001,12257,17056,,"ROSEHILL OPERATING COMPANY, LLC",315385.1655
391,4230133882,WEBER 26 F001,OIL,Active,H,8/1/2018,261665.0,322321.0,908234.0,31.83160591,-103.48200990000001,5130.824219,4/25/2018,3/30/2019,F001,0,0,,"ROSEHILL OPERATING COMPANY, LLC",315385.1655
392,4230133871,BULLHEAD STATE 55-1-45 UNIT B 2H,,Active,H,11/1/2018,49895.0,162916.0,0.0,31.89188576,-103.768898,8335.694336,6/13/2018,11/15/2018,2H,11066,18214,WOLFCAMP,ANADARKO E&P ONSHORE LLC,77047.66602
393,4230133871,BULLHEAD STATE 55-1-45 UNIT B 2H,,Active,H,11/1/2018,49895.0,162916.0,0.0,31.89188576,-103.768898,8335.694336,6/13/2018,,,0,0,,,77047.66602
394,4230133862,FARGO 75-13 LOV 1H,,Active,H,9/1/2018,38712.0,61059.0,123269.0,31.90436172,-103.3738403,4451.954102000001,5/16/2018,9/24/2018,1H,12513,17203,WOLFCAMP,SHELL WESTERN E&P,48888.49951
395,4230133862,FARGO 75-13 LOV 1H,,Active,H,9/1/2018,38712.0,61059.0,123269.0,31.90436172,-103.3738403,4451.954102000001,5/16/2018,,,0,0,,,48888.49951
396,4230133881,WEBER 26 E002,OIL,Active,H,8/1/2018,81572.0,136244.0,497281.0,31.83158493,-103.48208620000001,5069.197265999999,4/11/2018,8/21/2018,E002,11863,16624,BONE SPRING,"ROSEHILL OPERATING COMPANY, LLC",104279.33300000001
397,4230133881,WEBER 26 E002,OIL,Active,H,8/1/2018,81572.0,136244.0,497281.0,31.83158493,-103.48208620000001,5069.197265999999,4/11/2018,,,0,0,,,104279.33300000001
398,4230133881,WEBER 26 E002,OIL,Active,H,8/1/2018,81572.0,136244.0,497281.0,31.83158493,-103.48208620000001,5069.197265999999,4/11/2018,8/21/2018,E002,0,0,,,104279.33300000001
399,4230133868,HUGHES & TALBOT 75-26 2H,OIL,Active,H,6/1/2018,118696.0,140323.0,677181.0,31.88111877,-103.41789250000001,6015.165527,4/12/2018,,,0,0,,,142083.1665
400,4230133868,HUGHES & TALBOT 75-26 2H,OIL,Active,H,6/1/2018,118696.0,140323.0,677181.0,31.88111877,-103.41789250000001,6015.165527,4/12/2018,6/21/2018,2H,12620,17382,,ANADARKO E&P ONSHORE LLC,142083.1665
401,4230133869,BLACK STALLION 28-10 1H,OIL,Active,H,8/1/2018,104225.0,117950.0,0.0,31.83449745,-103.3520126,5665.162598,6/7/2018,8/22/2018,1H,12707,22815,WOLFCAMP,ANADARKO E&P ONSHORE LLC,123883.334
402,4230133869,BLACK STALLION 28-10 1H,OIL,Active,H,8/1/2018,104225.0,117950.0,0.0,31.83449745,-103.3520126,5665.162598,6/7/2018,,,0,0,,,123883.334
403,4230133855,REVOLVER 7507 E,,Active,H,7/1/2018,179887.0,314596.0,0.0,31.90045357,-103.3935242,4931.241699,2/25/2018,6/30/2018,14H,12531,17082,WOLFCAMP,COG OPERATING LLC,232319.6685
404,4230133844,CBR 9-4F 6H,OIL,Active,H,9/1/2018,152356.0,1021045.0,0.0,31.96999168,-103.86109920000001,10865.45117,2/14/2018,9/26/2018,6H,0,0,,"WPX ENERGY PERMIAN, LLC",322530.1597
405,4230133844,CBR 9-4F 6H,OIL,Active,H,9/1/2018,152356.0,1021045.0,0.0,31.96999168,-103.86109920000001,10865.45117,2/14/2018,1/12/2019,6H,11287,21395,,"WPX ENERGY PERMIAN, LLC",322530.1597
406,4230133844,CBR 9-4F 6H,OIL,Active,H,9/1/2018,152356.0,1021045.0,0.0,31.96999168,-103.86109920000001,10865.45117,2/14/2018,9/26/2018,6H,0,0,,"WPX ENERGY PERMIAN, LLC",322530.1597
407,4230133943,CBR 41-44E 5H,OIL,Active,H,1/1/2019,93328.0,328090.0,0.0,31.91345406,-103.8845062,10825.532229999999,4/11/2018,1/20/2019,5H,0,0,WOLFCAMP,"WPX ENERGY PERMIAN, LLC",148009.6621
408,4230133943,CBR 41-44E 5H,OIL,Active,H,1/1/2019,93328.0,328090.0,0.0,31.91345406,-103.8845062,10825.532229999999,4/11/2018,1/20/2019,5H,0,0,WOLFCAMP,"WPX ENERGY PERMIAN, LLC",148009.6621
409,4230133943,CBR 41-44E 5H,OIL,Active,H,1/1/2019,93328.0,328090.0,0.0,31.91345406,-103.8845062,10825.532229999999,4/11/2018,3/23/2019,5H,10925,20981,WOLFCAMP,"WPX ENERGY PERMIAN, LLC",148009.6621
411,4230133909,CLARE GLASSELL 71-TTT-B01 WF 204H,OIL,Active,H,7/1/2018,163665.0,516380.0,0.0,31.68838501,-103.5616684,4408.422852000001,6/11/2018,8/2/2018,204H,11044,15699,WOLFCAMP,MATADOR PRODUCTION COMPANY,249728.332
412,4230133936,WEBER 26 SWD 2,OIL,Active,V,9/1/2018,20640.0,28152.0,0.0,31.84223366,-103.4792099,7116.0,5/29/2018,9/6/2018,2,0,0,,"ROSEHILL OPERATING COMPANY, LLC",25332.0
413,4230133936,WEBER 26 SWD 2,OIL,Active,V,9/1/2018,20640.0,28152.0,0.0,31.84223366,-103.4792099,7116.0,5/29/2018,9/6/2018,2,0,0,,"ROSEHILL OPERATING COMPANY, LLC",25332.0
414,4230133929,ORION B 5 3H,OIL,Active,H,8/1/2018,63992.0,467107.0,258304.0,31.95583916,-103.6096344,5053.641602000001,3/30/2018,8/5/2018,3H,0,0,BONE SPRING,"EOG RESOURCES, INC.",141843.1699
415,4230133929,ORION B 5 3H,OIL,Active,H,8/1/2018,63992.0,467107.0,258304.0,31.95583916,-103.6096344,5053.641602000001,3/30/2018,8/5/2018,3H,9353,13759,,"EOG RESOURCES, INC.",141843.1699
416,4230133940,CBR 41-44B 2H,OIL,Active,H,1/1/2019,103083.0,361410.0,0.0,31.91345406,-103.8855057,10813.84668,3/30/2018,1/15/2019,2H,0,0,WOLFCAMP,"WPX ENERGY PERMIAN, LLC",163318.0
417,4230133940,CBR 41-44B 2H,OIL,Active,H,1/1/2019,103083.0,361410.0,0.0,31.91345406,-103.8855057,10813.84668,3/30/2018,3/31/2019,2H,10907,20813,WOLFCAMP,"WPX ENERGY PERMIAN, LLC",163318.0
418,4230133940,CBR 41-44B 2H,OIL,Active,H,1/1/2019,103083.0,361410.0,0.0,31.91345406,-103.8855057,10813.84668,3/30/2018,1/15/2019,2H,0,0,,"WPX ENERGY PERMIAN, LLC",163318.0
420,4230133939,CBR 41-44A 1H,OIL,Active,H,1/1/2019,77180.0,379568.0,0.0,31.91352272,-103.8855057,10849.91992,3/30/2018,9/21/2018,1H,0,0,WOLFCAMP,"WPX ENERGY PERMIAN, LLC",140441.3398
421,4230133939,CBR 41-44A 1H,OIL,Active,H,1/1/2019,77180.0,379568.0,0.0,31.91352272,-103.8855057,10849.91992,3/30/2018,3/25/2019,1H,10720,20645,WOLFCAMP,"WPX ENERGY PERMIAN, LLC",140441.3398
422,4230133939,CBR 41-44A 1H,OIL,Active,H,1/1/2019,77180.0,379568.0,0.0,31.91352272,-103.8855057,10849.91992,3/30/2018,1/12/2019,1H,0,0,,"WPX ENERGY PERMIAN, LLC",140441.3398
423,4230133937,UNIVERSITY 19 PW UNIT 2204H,OIL,Active,H,9/1/2018,61209.0,69510.0,295539.0,31.65756416,-103.37514499999999,6693.178223,5/29/2018,9/11/2018,2204H,11833,18641,WOLFCAMP,SHELL WESTERN E&P,72794.0
424,4230133933,NORTH RUDD DRAW 22 1H,OIL,Active,H,8/1/2018,150116.0,298393.0,587688.0,31.86196899,-103.4834213,4895.611328,5/7/2018,8/31/2018,1H,0,0,WOLFCAMP,"WPX ENERGY PERMIAN, LLC",199848.1641
425,4230133933,NORTH RUDD DRAW 22 1H,OIL,Active,H,8/1/2018,150116.0,298393.0,587688.0,31.86196899,-103.4834213,4895.611328,5/7/2018,8/31/2018,1H,0,0,,,199848.1641
426,4230133933,NORTH RUDD DRAW 22 1H,OIL,Active,H,8/1/2018,150116.0,298393.0,587688.0,31.86196899,-103.4834213,4895.611328,5/7/2018,8/9/2018,1H,0,0,,,199848.1641
427,4230133933,NORTH RUDD DRAW 22 1H,OIL,Active,H,8/1/2018,150116.0,298393.0,587688.0,31.86196899,-103.4834213,4895.611328,5/7/2018,8/31/2018,1H,12306,17133,,"WPX ENERGY PERMIAN, LLC",199848.1641
428,4230133948,JACKSON TRUST C 12-TTT-C24 NL 226H,OIL,Active,H,7/1/2018,74982.0,129243.0,579798.0,31.95610046,-103.3584061,5422.695801,5/3/2018,7/14/2018,226H,13429,18272,WOLFCAMP,MATADOR PRODUCTION COMPANY,96522.49951000001
429,4230133923,UNIVERSITY 19 TG UNIT 2203H,OIL,Active,H,9/1/2018,64834.0,133724.0,346762.0,31.65761757,-103.37516020000001,6644.182617,5/26/2018,9/11/2018,2203H,11534,18545,BONE SPRING,SHELL WESTERN E&P,87121.33301
431,4230133941,CBR 41-44C 3H,OIL,Active,H,1/1/2019,71956.0,251869.0,0.0,31.91338348,-103.8855057,10793.25488,4/3/2018,1/15/2019,3H,0,0,WOLFCAMP,"WPX ENERGY PERMIAN, LLC",113934.168
432,4230133941,CBR 41-44C 3H,OIL,Active,H,1/1/2019,71956.0,251869.0,0.0,31.91338348,-103.8855057,10793.25488,4/3/2018,1/15/2019,3H,0,0,WOLFCAMP,"WPX ENERGY PERMIAN, LLC",113934.168
433,4230133941,CBR 41-44C 3H,OIL,Active,H,1/1/2019,71956.0,251869.0,0.0,31.91338348,-103.8855057,10793.25488,4/3/2018,3/26/2019,3H,10738,20829,WOLFCAMP,"WPX ENERGY PERMIAN, LLC",113934.168
440,4230133928,ORION A 5 2H,OIL,Active,H,8/1/2018,95367.0,626682.0,296090.0,31.95586967,-103.6133499,5063.486328,3/30/2018,8/6/2018,2H,0,0,BONE SPRING,"EOG RESOURCES, INC.",199814.0
441,4230133928,ORION A 5 2H,OIL,Active,H,8/1/2018,95367.0,626682.0,296090.0,31.95586967,-103.6133499,5063.486328,3/30/2018,8/6/2018,2H,9177,13752,,"EOG RESOURCES, INC.",199814.0
456,4230133931,ORION B 5 5H,OIL,Active,H,8/1/2018,120688.0,478158.0,466019.0,31.95585823,-103.6061325,5058.032227000001,4/1/2018,8/5/2018,5H,0,0,BONE SPRING,"EOG RESOURCES, INC.",200380.99800000002
457,4230133931,ORION B 5 5H,OIL,Active,H,8/1/2018,120688.0,478158.0,466019.0,31.95585823,-103.6061325,5058.032227000001,4/1/2018,8/5/2018,5H,9303,13827,,"EOG RESOURCES, INC.",200380.99800000002
458,4230133932,BOYD 21 5H,OIL,Active,H,7/1/2018,150250.0,397485.0,624921.0,31.77593613,-103.46302800000001,4851.614258,4/1/2018,7/22/2018,5H,0,0,,WPX Energy,216497.4971
459,4230133932,BOYD 21 5H,OIL,Active,H,7/1/2018,150250.0,397485.0,624921.0,31.77593613,-103.46302800000001,4851.614258,4/1/2018,7/22/2018,5H,12210,16536,,"WPX ENERGY PERMIAN, LLC",216497.4971
460,4230133930,ORION B 5 4H,OIL,Active,H,8/1/2018,86301.0,429605.0,364737.0,31.955877299999997,-103.60947420000001,5080.598633,3/21/2018,8/5/2018,4H,0,0,BONE SPRING,"EOG RESOURCES, INC.",157901.834
461,4230133930,ORION B 5 4H,OIL,Active,H,8/1/2018,86301.0,429605.0,364737.0,31.955877299999997,-103.60947420000001,5080.598633,3/21/2018,8/5/2018,4H,9354,13792,,"EOG RESOURCES, INC.",157901.834
463,4230133916,CBR 11-2 1H,OIL,Active,H,7/1/2018,196918.0,979395.0,535481.0,31.96947289,-103.82192990000001,11050.41992,3/22/2018,7/27/2018,1H,0,0,,,360150.5
464,4230133916,CBR 11-2 1H,OIL,Active,H,7/1/2018,196918.0,979395.0,535481.0,31.96947289,-103.82192990000001,11050.41992,3/22/2018,7/27/2018,1H,10588,20714,,"WPX ENERGY PERMIAN, LLC",360150.5
465,4230133916,CBR 11-2 1H,OIL,Active,H,7/1/2018,196918.0,979395.0,535481.0,31.96947289,-103.82192990000001,11050.41992,3/22/2018,10/4/2018,1H,0,0,,"WPX ENERGY PERMIAN, LLC",360150.5
466,4230133945,CBR 41-44 G-7H,OIL,Active,H,1/1/2019,83449.0,304702.0,0.0,31.91359138,-103.8845062,10943.15918,4/4/2018,1/20/2019,7H,0,0,WOLFCAMP,"WPX ENERGY PERMIAN, LLC",134232.668
467,4230133945,CBR 41-44 G-7H,OIL,Active,H,1/1/2019,83449.0,304702.0,0.0,31.91359138,-103.8845062,10943.15918,4/4/2018,1/20/2019,7H,0,0,WOLFCAMP,"WPX ENERGY PERMIAN, LLC",134232.668
468,4230133945,CBR 41-44 G-7H,OIL,Active,H,1/1/2019,83449.0,304702.0,0.0,31.91359138,-103.8845062,10943.15918,4/4/2018,3/28/2019,7H,10783,20814,WOLFCAMP,"WPX ENERGY PERMIAN, LLC",134232.668
469,4230133944,CBR 41-44 F-6H,OIL,Active,H,1/1/2019,85886.0,294162.0,0.0,31.91352272,-103.8845062,10876.655270000001,4/4/2018,1/20/2019,6H,0,0,WOLFCAMP,"WPX ENERGY PERMIAN, LLC",134913.0
470,4230133944,CBR 41-44 F-6H,OIL,Active,H,1/1/2019,85886.0,294162.0,0.0,31.91352272,-103.8845062,10876.655270000001,4/4/2018,1/20/2019,6H,0,0,WOLFCAMP,"WPX ENERGY PERMIAN, LLC",134913.0
471,4230133944,CBR 41-44 F-6H,OIL,Active,H,1/1/2019,85886.0,294162.0,0.0,31.91352272,-103.8845062,10876.655270000001,4/4/2018,3/30/2019,6H,10815,20860,WOLFCAMP,"WPX ENERGY PERMIAN, LLC",134913.0
472,4230133856,WEBER 26 G003,OIL,Active,H,8/1/2018,97354.0,199081.0,242848.0,31.83358002,-103.4750595,5015.577636999999,2/25/2018,8/7/2018,G003,0,0,,"Rosehill Operating Company, LLC",130534.166
473,4230133856,WEBER 26 G003,OIL,Active,H,8/1/2018,97354.0,199081.0,242848.0,31.83358002,-103.4750595,5015.577636999999,2/25/2018,12/18/2018,G003,11853,16414,,"ROSEHILL OPERATING COMPANY, LLC",130534.166
474,4230133858,WEBER 26 G007,OIL,Active,H,8/1/2018,59828.0,146161.0,476826.0,31.83353806,-103.4752121,5014.19043,2/22/2018,8/4/2018,G007,0,0,,"Rosehill Operating Company, LLC",84188.1665
475,4230133858,WEBER 26 G007,OIL,Active,H,8/1/2018,59828.0,146161.0,476826.0,31.83353806,-103.4752121,5014.19043,2/22/2018,8/4/2018,G007,10456,14736,,"ROSEHILL OPERATING COMPANY, LLC",84188.1665
476,4230133858,WEBER 26 G007,OIL,Active,H,8/1/2018,59828.0,146161.0,476826.0,31.83353806,-103.4752121,5014.19043,2/22/2018,12/14/2018,G007,0,0,,"ROSEHILL OPERATING COMPANY, LLC",84188.1665
477,4230133752,WOLF 80-TTT-B33-WF SA 205H,OIL,Active,H,4/1/2018,209046.0,884771.0,0.0,31.68545151,-103.6115494,6469.203613000001,2/6/2018,4/30/2018,205H,10938,17707,WOLFCAMP,MATADOR PRODUCTION COMPANY,356507.8216
478,4230133857,WEBER 26 G006,OIL,Active,H,8/1/2018,80816.0,156639.5,229325.0,31.83356094,-103.4751358,5013.84375,3/8/2018,12/12/2018,G006,0,0,BONE SPRING,"ROSEHILL OPERATING COMPANY, LLC",106922.584
479,4230133857,WEBER 26 G006,OIL,Active,H,8/1/2018,80816.0,156639.5,229325.0,31.83356094,-103.4751358,5013.84375,3/8/2018,8/4/2018,G006,10813,14805,,"ROSEHILL OPERATING COMPANY, LLC",106922.584
483,4230133980,HOWARD POSNER 83-TTT-B33 SA 203H,OIL,Active,H,2/1/2019,43415.0,156048.0,0.0,31.72068596,-103.6120224,7490.679687999999,11/13/2018,2/4/2019,,0,0,,Matador Production Company,69422.99609
484,4230133980,HOWARD POSNER 83-TTT-B33 SA 203H,OIL,Active,H,2/1/2019,43415.0,156048.0,0.0,31.72068596,-103.6120224,7490.679687999999,11/13/2018,2/11/2019,203H,0,0,,MATADOR PRODUCTION COMPANY,69422.99609
486,4230133967,BIG HORN 56-1-19 2H,OIL,Active,H,8/1/2018,76008.0,471290.0,379603.0,31.95521164,-103.890007,4825.777832,4/25/2018,8/7/2018,2H,0,0,,"WPX ENERGY PERMIAN, LLC",154556.3301
487,4230133967,BIG HORN 56-1-19 2H,OIL,Active,H,8/1/2018,76008.0,471290.0,379603.0,31.95521164,-103.890007,4825.777832,4/25/2018,8/7/2018,2H,10981,15776,,"WPX ENERGY PERMIAN, LLC",154556.3301
489,4230133974,ORION A 5 1HR,OIL,Active,H,8/1/2018,58935.0,513066.0,209875.0,31.95588493,-103.61351009999998,5075.865234000001,5/18/2018,8/6/2018,1HR,0,0,,"EOG RESOURCES, INC.",144445.9978
490,4230133974,ORION A 5 1HR,OIL,Active,H,8/1/2018,58935.0,513066.0,209875.0,31.95588493,-103.61351009999998,5075.865234000001,5/18/2018,8/6/2018,1HR,9253,13791,,"EOG RESOURCES, INC.",144445.9978
493,4230133987,EL PATRON UNIT 6H,OIL,Active,H,9/1/2018,196961.0,334118.0,913427.0,31.94500542,-103.46053309999999,10187.57031,5/8/2018,9/9/2018,6H,12584,22579,WOLFCAMP,"EOG RESOURCES, INC.",252647.332
506,4230133982,EL PATRON UNIT 4H,OIL,Active,H,9/1/2018,271303.0,442123.0,1314246.0,31.9449501,-103.4607391,10192.22363,5/11/2018,9/9/2018,4H,12680,22591,,"EOG RESOURCES, INC.",344990.1621
513,4230134031,SID M. KYLE 26 E007,OIL,Active,H,9/1/2018,105839.0,202210.0,223105.0,31.92643929,-103.6200409,5525.367676,6/18/2018,9/24/2018,E007,0,0,BONE SPRING,"ROSEHILL OPERATING COMPANY, LLC",139540.668
514,4230134031,SID M. KYLE 26 E007,OIL,Active,H,9/1/2018,105839.0,202210.0,223105.0,31.92643929,-103.6200409,5525.367676,6/18/2018,3/19/2019,E007,10265,15164,,"ROSEHILL OPERATING COMPANY, LLC",139540.668
515,4230134030,SID M. KYLE 26 C002,OIL,Active,H,9/1/2018,99970.0,202374.0,470295.0,31.92643929,-103.62020109999999,5561.524902,7/25/2018,9/24/2018,C002,0,0,BONE SPRING,"ROSEHILL OPERATING COMPANY, LLC",133699.0
516,4230134030,SID M. KYLE 26 C002,OIL,Active,H,9/1/2018,99970.0,202374.0,470295.0,31.92643929,-103.62020109999999,5561.524902,7/25/2018,3/19/2019,C002,11508,16383,,"ROSEHILL OPERATING COMPANY, LLC",133699.0
517,4230134005,MCGREGOR A UNIT 11H,OIL,Active,H,3/1/2019,270.0,981.0,0.0,31.9112587,-103.532341,9984.106445,3/8/2019,3/22/2019,,0,0,,"EOG Resources, Inc.",433.5
522,4230134000,CHECKERS 14 2H,OIL,Active,H,9/1/2018,74540.0,145424.0,328081.0,31.800819399999995,-103.4276047,4780.697754,5/16/2018,9/16/2018,2H,12516,16828,,"WPX ENERGY PERMIAN, LLC",98777.33228
523,4230134000,CHECKERS 14 2H,OIL,Active,H,9/1/2018,74540.0,145424.0,328081.0,31.800819399999995,-103.4276047,4780.697754,5/16/2018,9/16/2018,2H,0,0,,"WPX ENERGY PERMIAN, LLC",98777.33228
524,4230134000,CHECKERS 14 2H,OIL,Active,H,9/1/2018,74540.0,145424.0,328081.0,31.800819399999995,-103.4276047,4780.697754,5/16/2018,9/9/2017,,0,0,,WPX Energy,98777.33228
541,4230134028,STATE ALOHA 55-T2-8X17 SA W108H,GAS,,H,,,,,31.87015724,-103.7740555,11067.58594,10/12/2018,11/12/2018,,0,0,,BHP Billiton Petroleum,
549,4230134053,WOLF 80-TTT-B33-WF SA 206H,OIL,Active,H,11/1/2018,85422.0,698898.0,0.0,31.68540955,-103.61146550000001,6960.255859000001,7/19/2018,11/3/2018,,0,0,,Matador Production Company,201905.00199999998
550,4230134027,STATE ALOHA 55-T2-8X17 SA W107H,GAS,,H,,,,,31.87015724,-103.7741241,11051.79492,11/2/2018,11/12/2018,,0,0,,BHP Billiton Petroleum,
553,4230134122,ROCKET 8-421H,OIL,Active,H,3/1/2019,8961.0,18851.0,0.0,31.96003914,-103.3424606,4870.105469,1/1/2019,3/5/2019,421H,12555,17251,WOLFCAMP,"WPX ENERGY PERMIAN, LLC",12102.83301
554,4230134122,ROCKET 8-421H,OIL,Active,H,3/1/2019,8961.0,18851.0,0.0,31.96003914,-103.3424606,4870.105469,1/1/2019,3/5/2019,421H,0,0,,"WPX ENERGY PERMIAN, LLC",12102.83301
558,4230134112,JUDGE 3 W8HN,,OPEN SHUT IN,H,,,,,31.75287247,-103.4996567,4971.916992,9/2/2018,9/25/2018,W 8HN,0,0,WOLFCAMP,"HEADINGTON ENERGY PARTNERS, LLC",
564,4230134105,LINDSAY 10-15 55-I 414,OIL,Active,H,2/1/2019,45975.0,169708.0,0.0,31.95813751,-103.74172209999999,7424.495605,9/18/2018,2/19/2019,414H,11992,18976,WOLFCAMP,"WPX ENERGY PERMIAN, LLC",74259.66602
565,4230134105,LINDSAY 10-15 55-I 414,OIL,Active,H,2/1/2019,45975.0,169708.0,0.0,31.95813751,-103.74172209999999,7424.495605,9/18/2018,2/19/2019,414H,0,0,,"WPX ENERGY PERMIAN, LLC",74259.66602
600,4230134164,ROCAZOLLER STATE 54-1-12 LOV 10H,OIL,Active,H,,,,,31.97179031,-103.6029282,4804.734863000001,11/17/2018,11/30/2018,,4441,5600,,SHELL WESTERN E&P,
601,4230134164,ROCAZOLLER STATE 54-1-12 LOV 10H,OIL,Active,H,,,,,31.97179031,-103.6029282,4804.734863000001,11/17/2018,4/3/2019,10H,0,0,,SHELL WESTERN E&P,
602,4230134170,STATE ATLANTIS 7 UNIT 4H,OIL,Active,H,2/1/2019,102821.0,289391.0,0.0,31.955642699999995,-103.66044620000001,10788.91309,10/31/2018,2/2/2019,,0,0,,"EOG Resources, Inc.",151052.8281
603,4230134173,BILLY DIXON UNIT 6H,,,H,,,,,31.99201775,-103.45107270000001,7701.785156,11/9/2018,3/28/2019,,0,0,,"EOG Resources, Inc.",
604,4230134174,BILLY DIXON UNIT 7H,,,H,,,,,31.99201584,-103.45117950000001,7749.965331999999,11/8/2018,3/28/2019,,0,0,,"EOG Resources, Inc.",
605,4230134175,NORTH RUDD DRAW 22 2H,,OPEN SHUT IN,H,,,,,31.86113167,-103.4780426,6008.450684,1/20/2019,5/7/2019,,0,0,,WPX Energy,
606,4230134175,NORTH RUDD DRAW 22 2H,,OPEN SHUT IN,H,,,,,31.86113167,-103.4780426,6008.450684,1/20/2019,5/16/2019,2H,0,0,,"WPX ENERGY PERMIAN, LLC",
607,4230134169,STATE ATLANTIS 7 UNIT 3H,OIL,Active,H,2/1/2019,118411.0,338473.0,0.0,31.955642699999995,-103.66055300000001,10799.11816,11/23/2018,2/2/2019,,0,0,,"EOG Resources, Inc.",174823.1719
608,4230134168,STATE ATLANTIS 7 UNIT 2H,OIL,Active,H,2/1/2019,150349.0,416589.0,0.0,31.95562744,-103.6647873,10799.4209,12/14/2018,1/28/2019,,0,0,,"EOG Resources, Inc.",219780.5
609,4230134167,STATE ATLANTIS 7 UNIT 1H,OIL,Active,H,2/1/2019,162069.0,413780.0,0.0,31.95562744,-103.6648941,10794.32031,10/30/2018,1/28/2019,,0,0,,"EOG Resources, Inc.",231032.3359
610,4230134171,STATE ATLANTIS 7 UNIT 5H,OIL,Active,H,2/1/2019,105949.0,288419.0,0.0,31.955642699999995,-103.66033940000001,10798.41406,11/1/2018,2/2/2019,,0,0,,"EOG Resources, Inc.",154018.8281
611,4230134194,VOYAGER W 12H,OIL,Active,H,1/1/2019,78003.0,172370.0,0.0,31.95695496,-103.6375961,4999.056640999999,12/14/2018,1/21/2019,,0,0,,"EOG Resources, Inc.",106731.3296
